position_l0,position_r0,p1
3.999999835128565,6.000000030932389,